<?xml version='1.0' encoding='UTF-8' ?>
<timeLogEntries>
  <time id="1" path="/U4-L3_LópezClevesJuanManuel/PSP0/Planning" start="@1507810149414" delta="23" />
  <time id="2" path="/U4-L3_LópezClevesJuanManuel/PSP0/Code" start="@1507811559306" delta="119" />
  <time id="3" path="/U5L2_LopezChristian/PSP1.1/Planning" start="@1509041421395" delta="3" />
  <time id="4" path="/U5L2_LopezChristian/PSP1.1/Code" start="@1509041596111" delta="88" interrupt="2" />
  <time id="5" path="/PJ/PSP0/Design" start="@1509658422103" delta="6" />
  <time id="6" path="/PJ/PSP0/Code" start="@1509658792058" delta="69" />
  <time id="8" path="/TiempoProyecto/PSP0/Code" start="@1509658792000" delta="76" />
  <time id="9" path="/TiempoProyecto/PSP0/Code" start="@1510582838000" delta="36" />
  <time id="10" path="/TiempoProyecto/PSP0/Design" start="@1511104178000" delta="97" />
  <time id="12" path="/TiempoProyecto/PSP0/Code" start="@1510585658000" delta="87" />
  <time id="13" path="/TiempoProyecto/PSP0/Design" start="@1511224456069" delta="22" />
  <time id="14" path="/TiempoProyecto/PSP0/Code" start="@1510859652000" delta="154" />
  <time id="15" path="/TiempoProyecto/PSP0/Code" start="@1511228838571" delta="58" />
  <time id="16" path="/TiempoProyecto/PSP0/Code" start="@1511270151000" delta="79" />
  <time id="17" path="/TiempoProyecto/PSP0/Code" start="@1511273776519" delta="30" />
</timeLogEntries>
