<?xml version='1.0' encoding='UTF-8' ?>
<timeLogEntries>
  <time id="1" path="/Proyecto_Final_Galvis_D_Taborda_N/PSP0/Planning" start="@1493613027926" delta="71" interrupt="1" />
  <time id="2" path="/Proyecto_Final_Galvis_D_Taborda_N/PSP0/Planning" start="@1494102322019" delta="5" />
  <time id="3" path="/U2-L1-GalvisD/PSP0/Code" start="@1503697194480" delta="72" />
  <time id="4" path="/U2-L1-GalvisD/PSP0/Code" start="@1503703157172" delta="32" />
  <time id="5" path="/Proyecto_Final_Galvis_D_Erazo_D/PSP0/Planning" start="@1508548957388" delta="41" />
  <time id="6" path="/Proyecto_Final_Galvis_D_Erazo_D/PSP0/Code" start="@1508982458592" delta="34" />
  <time id="7" path="/Proyecto_Final_Galvis_D_Erazo_D/PSP0/Code" start="@1508985389575" delta="28" />
  <time id="8" path="/Proyecto_Final_Galvis_D_Erazo_D/PSP0/Code" start="@1508989033624" delta="44" />
  <time id="9" path="/Proyecto_Final_Galvis_D_Erazo_D/PSP0/Code" start="@1509155159392" delta="50" />
  <time id="10" path="/Proyecto_Final_Galvis_D_Erazo_D/PSP0/Code" start="@1509163800972" delta="8" />
  <time id="11" path="/Proyecto_Final_Galvis_D_Erazo_D/PSP0/Code" start="@1509164675103" delta="9" />
  <time id="12" path="/Proyecto_Final_Galvis_D_Erazo_D/PSP0/Code" start="@1509297941806" delta="26" />
  <time id="13" path="/Proyecto_Final_Galvis_D_Erazo_D/PSP0/Code" start="@1509300133266" delta="3" />
  <time id="14" path="/Proyecto_Final_Galvis_D_Erazo_D/PSP0/Code" start="@1509301174216" delta="8" />
  <time id="15" path="/Proyecto_Final_Galvis_D_Erazo_D/PSP0/Code" start="@1509302047358" delta="8" />
  <time id="16" path="/Proyecto_Final_Galvis_D_Erazo_D/PSP0/Code" start="@1509305924242" delta="16" />
  <time id="17" path="/Proyecto_Final_Galvis_D_Erazo_D/PSP0/Code" start="@1509307447793" delta="19" />
  <time id="18" path="/Proyecto_Final_Galvis_D_Erazo_D/PSP0/Code" start="@1509333922052" delta="32" />
  <time id="19" path="/Proyecto_Final_Galvis_D_Erazo_D/PSP0/Code" start="@1509422383850" delta="55" />
  <time id="20" path="/Proyecto_Final_Galvis_D_Erazo_D/PSP0/Code" start="@1509503070506" delta="32" />
  <time id="21" path="/Proyecto_Final_Galvis_D_Erazo_D/PSP0/Code" start="@1509925286731" delta="65" interrupt="4" />
  <time id="22" path="/Proyecto_Final_Galvis_D_Erazo_D/PSP0/Code" start="@1509948125131" delta="68" interrupt="5" />
  <time id="23" path="/Proyecto_Final_Galvis_D_Erazo_D/PSP0/Code" start="@1509953369136" delta="20" />
  <time id="24" path="/Proyecto_Final_Galvis_D_Erazo_D/PSP0/Code" start="@1510288607000" delta="120" />
  <time id="25" path="/Proyecto_Final_Galvis_D_Erazo_D/PSP0/Code" start="@1510535583884" delta="18" />
  <time id="26" path="/Proyecto_Final_Galvis_D_Erazo_D/PSP0/Code" start="@1510538707556" delta="26" interrupt="2" />
  <time id="27" path="/Proyecto_Final_Galvis_D_Erazo_D/PSP0/Code" start="@1510542225223" delta="57" />
  <time id="28" path="/Proyecto_Final_Galvis_D_Erazo_D/PSP0/Code" start="@1510547883935" delta="157" />
  <time id="29" path="/Proyecto_Final_Galvis_D_Erazo_D/PSP0/Code" start="@1510927607000" delta="108" />
  <time id="30" path="/Proyecto_Final_Galvis_D_Erazo_D/PSP0/Code" start="@1510976116852" delta="109" />
  <time id="31" path="/Proyecto_Final_Galvis_D_Erazo_D/PSP0/Code" start="@1511059240092" delta="65" interrupt="3" />
  <time id="32" path="/Proyecto_Final_Galvis_D_Erazo_D/PSP0/Code" start="@1511064202095" delta="71" interrupt="10" />
  <time id="33" path="/Proyecto_Final_Galvis_D_Erazo_D/PSP0/Code" start="@1511070016909" delta="135" />
  <time id="34" path="/Proyecto_Final_Galvis_D_Erazo_D/PSP0/Design" start="@1511131515000" delta="191" />
  <time id="35" path="/Proyecto_Final_Galvis_D_Erazo_D/PSP0/Test" start="@1511144150000" delta="110" />
  <time id="36" path="/Proyecto_Final_Galvis_D_Erazo_D/PSP0/Design" start="@1511201290197" delta="20" />
  <time id="37" path="/Proyecto_Final_Galvis_D_Erazo_D/PSP0/Design" start="@1511225034633" delta="7" />
  <time id="38" path="/Proyecto_Final_Galvis_D_Erazo_D/PSP0/Test" start="@1511225473271" delta="22" />
  <time id="39" path="/Proyecto_Final_Galvis_D_Erazo_D/PSP0/Design" start="@1511226765966" delta="12" interrupt="1" />
  <time id="40" path="/Proyecto_Final_Galvis_D_Erazo_D/PSP0/Test" start="@1511227537536" delta="26" />
  <time id="41" path="/Proyecto_Final_Galvis_D_Erazo_D/PSP0/Design" start="@1511235813087" delta="14" />
  <time id="42" path="/Proyecto_Final_Galvis_D_Erazo_D/PSP0/Test" start="@1511236646266" delta="25" interrupt="1" />
  <time id="43" path="/Proyecto_Final_Galvis_D_Erazo_D/PSP0/Design" start="@1511238236244" delta="15" interrupt="65" />
  <time id="44" path="/Proyecto_Final_Galvis_D_Erazo_D/PSP0/Test" start="@1511243049867" delta="4" />
  <time id="45" path="/Proyecto_Final_Galvis_D_Erazo_D/PSP0/Design" start="@1511244163120" delta="3" />
  <time id="46" path="/Proyecto_Final_Galvis_D_Erazo_D/PSP0/Test" start="@1511244328809" delta="4" />
  <time id="47" path="/Proyecto_Final_Galvis_D_Erazo_D/PSP0/Design" start="@1511247394746" delta="4" />
  <time id="48" path="/Proyecto_Final_Galvis_D_Erazo_D/PSP0/Test" start="@1511247623257" delta="6" />
  <time id="49" path="/Proyecto_Final_Galvis_D_Erazo_D/PSP0/Design" start="@1511247969594" delta="7" />
  <time id="50" path="/Proyecto_Final_Galvis_D_Erazo_D/PSP0/Test" start="@1511248361172" delta="11" />
</timeLogEntries>
