<?xml version='1.0' encoding='UTF-8' ?>
<timeLogEntries>
  <time id="51" path="/Proyecto_Final_Galvis_D_Erazo_D/PSP0/Test" start="@1511398945103" delta="4" flag="A" />
  <time id="52" path="/Proyecto_Final_Galvis_D_Erazo_D/PSP0/Design" start="@1511400336776" delta="5" flag="A" />
  <time id="53" path="/Proyecto_Final_Galvis_D_Erazo_D/PSP0/Test" start="@1511400609326" delta="19" flag="A" />
  <time id="54" path="/Proyecto_Final_Galvis_D_Erazo_D/PSP0/Design" start="@1511401724656" delta="14" flag="A" />
  <time id="55" path="/Proyecto_Final_Galvis_D_Erazo_D/PSP0/Test" start="@1511402551673" delta="18" flag="A" />
  <time id="56" path="/Proyecto_Final_Galvis_D_Erazo_D/PSP0/Test" start="@1511403669723" delta="2" flag="A" />
  <time id="57" path="/Proyecto_Final_Galvis_D_Erazo_D/PSP0/Postmortem" start="@1511403774652" delta="2" interrupt="6" flag="A" />
  <time id="58" path="/Proyecto_Final_Galvis_D_Erazo_D/PSP0/Postmortem" start="@1511405299736" delta="8" flag="A" />
</timeLogEntries>
