<?xml version='1.0' encoding='UTF-8' ?>
<timeLogEntries>
  <time id="1" path="/U3_Lab1_ErazoDavid/PSP0/Planning" start="@1505390881197" delta="7" />
  <time id="2" path="/U3_Lab1_ErazoDavid/PSP0/Code" start="@1505391278382" delta="77" />
  <time id="3" path="/U3_Lab1_ErazoDavid/PSP0/Code" start="@1505441206181" delta="114" />
  <time id="4" path="/U3_Lab1_ErazoDavid/PSP0/Code" start="@1505493545504" delta="22" />
  <time id="5" path="/U3_Lab1_ErazoDavid/PSP0/Test" start="@1505495013497" delta="25" />
  <time id="6" path="/U3_Lab2_ErazoDavid/PSP0/Planning" start="@1506088786389" delta="30" />
  <time id="7" path="/U3_Lab2_ErazoDavid/PSP0/Code" start="@1506090579037" delta="188" />
  <time id="8" path="/U3_Lab2_ErazoDavid/PSP0/Code" start="@1506130741665" delta="7" />
  <time id="9" path="/U4_Lab1_ErazoDavid/PSP0/Planning" start="@1506602354227" delta="29" />
  <time id="10" path="/U4_Lab1_ErazoDavid/PSP0/Code" start="@1506604133883" delta="28" />
  <time id="11" path="/U4_Lab1_ErazoDavid/PSP0/Code" start="@1506645611719" delta="159" />
  <time id="12" path="/U4_Lab1_ErazoDavid/PSP0/Code" start="@1506686490698" delta="236" />
  <time id="13" path="/U4_Lab1_ErazoDavid/PSP0/Code" start="@1506873587934" delta="194" interrupt="9" />
  <time id="14" path="/U4_Lab1_ErazoDavid/PSP0/Test" start="@1506885867348" delta="2" />
  <time id="15" path="/U4_Lab1_ErazoDavid/PSP0/Design" start="@1506885998188" delta="17" />
  <time id="16" path="/U4_Lab2_ErazoDavid/PSP0/Code" start="@1507207323458" delta="66" />
  <time id="17" path="/U4_Lab2_ErazoDavid/PSP0/Code" start="@1507300924403" delta="99" />
  <time id="18" path="/U4_Lab2_ErazoDavid/PSP0/Test" start="@1507313515508" delta="3" />
  <time id="19" path="/U4_Lab3_ErazoDavid/PSP0/Planning" start="@1507810035030" delta="15" />
  <time id="20" path="/U4_Lab3_ErazoDavid/PSP0/Code" start="@1507814404554" delta="20" />
  <time id="21" path="/U5_Lab1_ErazoDavid/PSP0/Planning" start="@1508416371684" delta="31" />
  <time id="22" path="/U5_Lab1_ErazoDavid/PSP0/Code" start="@1508418246425" delta="40" />
  <time id="23" path="/U5_Lab1_ErazoDavid/PSP0/Code" start="@1508444285221" delta="34" />
  <time id="24" path="/U5_Lab1_ErazoDavid/PSP0/Code" start="@1508505203555" delta="23" />
  <time id="25" path="/U5_Lab1_ErazoDavid/PSP0/Code" start="@1508520644740" delta="8" />
  <time id="26" path="/U5_Lab1_ErazoDavid/PSP0/Code" start="@1508635489968" delta="47" />
  <time id="27" path="/U5_Lab1_ErazoDavid/PSP0/Test" start="@1508638333480" delta="9" />
  <time id="28" path="/ProyectoFinal_DanielGalvis_DavidErazo/PSP0/Planning" start="@1508938093418" delta="83" />
  <time id="29" path="/U5_Lab2_ErazoDavid/PSP0/Planning" start="@1509019669861" delta="41" />
  <time id="30" path="/U5_Lab2_ErazoDavid/PSP0/Code" start="@1509022161488" delta="56" />
  <time id="31" path="/U5_Lab2_ErazoDavid/PSP0/Code" start="@1509224997735" delta="74" />
  <time id="32" path="/U5_Lab2_ErazoDavid/PSP0/Test" start="@1509229410472" delta="3" />
  <time id="33" path="/ProyectoFinal_DanielGalvis_DavidErazo/PSP0/Design" start="@1509304119506" delta="68" />
  <time id="34" path="/ProyectoFinal_DanielGalvis_DavidErazo/PSP0/Design" start="@1509310706150" delta="84" interrupt="3" />
  <time id="35" path="/ProyectoFinal_DanielGalvis_DavidErazo/PSP0/Code" start="@1509565773943" delta="124" />
  <time id="36" path="/U6_Lab1_ErazoDavid/PSP0/Planning" start="@1509624183162" delta="7" />
  <time id="37" path="/U6_Lab1_ErazoDavid/PSP0/Code" start="@1509624682798" delta="80" />
  <time id="38" path="/ProyectoFinal_DanielGalvis_DavidErazo/PSP0/Code" start="@1509668010895" delta="9" />
  <time id="39" path="/ProyectoFinal_DanielGalvis_DavidErazo/PSP0/Code" start="@1509670187997" delta="105" />
  <time id="40" path="/U6_Lab1_ErazoDavid/PSP0/Code" start="@1509725725894" delta="59" />
  <time id="41" path="/U6_Lab1_ErazoDavid/PSP0/Code" start="@1509803430514" delta="191" />
  <time id="42" path="/ProyectoFinal_DanielGalvis_DavidErazo/PSP0/Code" start="@1510149848696" delta="90" />
  <time id="43" path="/ProyectoFinal_DanielGalvis_DavidErazo/PSP0/Code" start="@1510187634012" delta="184" />
  <time id="44" path="/U6_Lab2_ErazoDavid/PSP0/Planning" start="@1510230114401" delta="50" />
  <time id="45" path="/U6_Lab2_ErazoDavid/PSP0/Code" start="@1510233093000" delta="42" />
  <time id="46" path="/U6_Lab2_ErazoDavid/PSP0/Code" start="@1510272780609" delta="44" />
  <time id="47" path="/U6_Lab2_ErazoDavid/PSP0/Code" start="@1510322832693" delta="58" />
  <time id="48" path="/U6_Lab2_ErazoDavid/PSP0/Code" start="@1510329789878" delta="50" />
  <time id="49" path="/U6_Lab2_ErazoDavid/PSP0/Design" start="@1510426745763" delta="21" />
  <time id="50" path="/U6_Lab2_ErazoDavid/PSP0/Design" start="@1510428694774" delta="2" />
  <time id="51" path="/U6_Lab2_ErazoDavid/PSP0/Test" start="@1510429233365" delta="1" />
  <time id="52" path="/ProyectoFinal_DanielGalvis_DavidErazo/PSP0/Code" start="@1510516333711" delta="61" />
  <time id="53" path="/ProyectoFinal_DanielGalvis_DavidErazo/PSP0/Code" start="@1510590755147" delta="157" />
  <time id="54" path="/ProyectoFinal_DanielGalvis_DavidErazo/PSP0/Code" start="@1510605434568" delta="34" />
  <time id="55" path="/ProyectoFinal_DanielGalvis_DavidErazo/PSP0/Code" start="@1510718408907" delta="34" />
  <time id="56" path="/ProyectoFinal_DanielGalvis_DavidErazo/PSP0/Code" start="@1510757468571" delta="168" />
  <time id="57" path="/ProyectoFinal_DanielGalvis_DavidErazo/PSP0/Code" start="@1510833490056" delta="6" />
  <time id="58" path="/ProyectoFinal_DanielGalvis_DavidErazo/PSP0/Code" start="@1511231899881" delta="90" />
  <time id="59" path="/ProyectoFinal_DanielGalvis_DavidErazo/PSP0/Code" start="@1511272155975" delta="573" />
</timeLogEntries>
